Gene_symbol,Probe_ID
RFC2,1053_at
HSPA6,117_at
PAX8,121_at
GUCA1A,1255_g_at
THRA,1316_at
PTPN21,1320_at
CCL5,1405_i_at
CYP2E1,1431_at
EPHB3,1438_at
ESRRA,1487_at
CYP2A6,1494_f_at
SCARB1,1552256_a_at
TTLL12,1552257_a_at
WFDC2,1552261_at
MAPK1,1552263_at
MAPK1,1552264_a_at
ADAM32,1552266_at
SPATA17,1552269_at
PRR22,1552271_at
PRR22,1552272_a_at
PXK,1552274_at
PXK,1552275_s_at
VPS18,1552276_a_at
MSANTD3,1552277_a_at
SLC46A1,1552278_a_at
SLC46A1,1552279_a_at
TIMD4,1552280_at
SLC39A5,1552281_at
ATP6V1E2,1552286_at
AFG3L1P,1552287_s_at
CILP2,1552288_at
CILP2,1552289_a_at
PIGX,1552291_at
TMEM196,1552293_at
SLC39A13,1552295_a_at
BEST4,1552296_at
AK9,1552299_at
CORO6,1552301_a_at
TMEM106A,1552302_at
TMEM106A,1552303_a_at
ALG10,1552304_at
ALG10,1552306_at
TTC39C,1552307_a_at
NEXN,1552309_a_at
C15orf40,1552310_at
RAX2,1552311_a_at
MFAP3,1552312_a_at
EYA3,1552314_a_at
GIMAP1,1552315_at
GIMAP1,1552316_a_at
GIMAP1,1552318_at
KLK8,1552319_a_at
CCDC65,1552320_a_at
CCDC65,1552321_a_at
FAM122C,1552322_at
FAM122C,1552323_s_at
CFAP53,1552325_at
CFAP53,1552326_a_at
ARMCX4,1552327_at
RBBP6,1552329_at
CENPBD1,1552330_at
TRIOBP,1552332_at
TRIOBP,1552334_at
CATSPER1,1552335_at
HOXD4,1552337_s_at
GSC,1552338_at
SP7,1552340_at
PDE7A,1552343_s_at
CNOT7,1552344_s_at
CRYZL1,1552347_at
PRSS33,1552348_at
PRSS33,1552349_a_at
CBARP,1552354_at
CBARP,1552355_s_at
MCMDC2,1552359_at
TIRAP,1552360_a_at
LEAP2,1552362_a_at
MSI2,1552364_s_at
SCIN,1552365_at
SCIN,1552367_a_at
CTCFL,1552368_at
C4orf33,1552370_at
C4orf33,1552372_at
C4orf33,1552373_s_at
ZNF333,1552375_at
TVP23C,1552377_s_at
RDH10,1552378_s_at
RDH10,1552379_at
SRSF12,1552381_at
FAM71A,1552383_at
FAM71A,1552384_a_at
GAPT,1552386_at
ERICH5,1552389_at
ERICH5,1552390_a_at
CCDC185,1552391_at
ENTHD1,1552393_at
ENTHD1,1552394_a_at
TSSK3,1552395_at
WFDC6,1552396_at
CLEC12A,1552398_a_at
BRF1,1552399_a_at
TMEM266,1552400_a_at
CALML6,1552402_at
NLRP5,1552405_at
ODF4,1552408_at
ODF4,1552409_a_at
CLEC4F,1552410_at
WFDC9,1552414_at
WFDC9,1552415_a_at
NEDD1,1552417_a_at
TTLL10,1552418_at
TTLL10,1552419_s_at
CALR3,1552421_a_at
C10orf25,1552422_at
ETV3,1552423_at
KLHL10,1552424_at
KLHL10,1552425_a_at
TM2D3,1552426_a_at
ZNF485,1552427_at
WDR17,1552430_at
MFSD6L,1552432_at
ANKAR,1552438_a_at
MEGF11,1552439_s_at
GPR182,1552440_at
ESX1,1552445_a_at
FAM167A-AS1,1552448_a_at
DNAJC5G,1552450_a_at
WDR88,1552452_at
WDR88,1552453_a_at
PRUNE2,1552455_at
MBD3L2,1552456_a_at
ADAMTSL1,1552457_a_at
MBD3L1,1552458_at
MBD3L1,1552459_a_at
FAM46D,1552461_at
SERPINB11,1552463_at
LINC00161,1552466_x_at
DSCR10,1552467_at
DSCR10,1552468_a_at
ABHD11,1552470_a_at
ACAP2,1552472_a_at
GAMT,1552473_at
GAMT,1552474_a_at
PLCD3,1552476_s_at
IRF6,1552477_a_at
IRF6,1552478_a_at
PTPRC,1552480_s_at
MAN1A2,1552481_s_at
RAPH1,1552482_at
SMCR8,1552484_at
LACTB,1552485_at
LACTB,1552486_s_at
BNC1,1552487_a_at
MPP4,1552489_s_at
LACE1,1552490_at
IDI2,1552491_at
CYP11B1,1552493_s_at
TAF8,1552494_at
COBL,1552496_a_at
SLAMF6,1552497_a_at
ZSCAN20,1552498_at
ZSCAN20,1552499_a_at
GPBAR1,1552501_a_at
RHBDL2,1552502_s_at
FRAS1,1552503_at
BRSK1,1552504_a_at
CRB2,1552506_at
KCNE4,1552507_at
KCNE4,1552508_at
CD300LG,1552509_a_at
SLC34A3,1552510_at
CPA6,1552511_a_at
WBP2NL,1552514_at
HIPK1,1552515_at
HIPK1,1552516_a_at
MTBP,1552518_s_at
ACVR1C,1552519_at
TMEM74,1552520_at
TMEM74,1552521_a_at
TIGD4,1552522_at
TIGD4,1552523_a_at
ART5,1552524_at
FAM71C,1552526_at
LINC01547,1552528_at
NLRP11,1552531_a_at
ATP6V1C2,1552532_a_at
CLDN19,1552535_at
VTI1A,1552536_at
KIF6,1552538_a_at
IQCD,1552540_s_at
TAGAP,1552541_at
TAGAP,1552542_s_at
STON2,1552543_a_at
SERPINA12,1552544_at
LETM2,1552546_a_at
BSND,1552548_at
BSND,1552549_a_at
CLEC4C,1552552_s_at
NLRC4,1552553_a_at
NLRC4,1552554_a_at
PRSS36,1552555_at
ZDHHC15,1552557_a_at
RAI1,1552558_a_at
CDK15,1552559_a_at
ZNF570,1552562_at
NUDT9P1,1552564_at
BTBD16,1552566_at
RTP3,1552568_at
RTP3,1552569_a_at
TSPEAR,1552570_at
MIPOL1,1552572_a_at
MIPOL1,1552573_s_at
C6orf141,1552575_a_at
ALMS1P1,1552576_at
MYO3B,1552578_a_at
ADAM21,1552579_a_at
TRIML2,1552580_at
ABCC13,1552582_at
ABCC13,1552583_s_at
IL12RB1,1552584_at
GTF2A1L,1552585_s_at
TRPV3,1552586_at
CNBD1,1552587_at
CNBD1,1552588_a_at
ABCC12,1552590_a_at
MMP21,1552592_at
TMEM190,1552594_at
GAS2L2,1552596_at
KCNG4,1552598_at
PXT1,1552599_at
CACNG5,1552602_at
LINC00308,1552604_at
LINC00308,1552605_s_at
WFDC11,1552608_at
JAK1,1552610_a_at
JAK1,1552611_a_at
CDC42SE2,1552612_at
CDC42SE2,1552613_s_at
ACACB,1552615_at
ACACB,1552616_a_at
RFWD2,1552617_a_at
STX6,1552618_at
ANLN,1552619_a_at
SPRR4,1552620_at
HSH2D,1552623_at
TRNT1,1552625_a_at
TMEM163,1552626_a_at
ARHGAP5,1552627_a_at
HERPUD2,1552628_a_at
JMJD6,1552629_a_at
SRCAP,1552630_a_at
MAP3K6,1552631_a_at
ARSG,1552632_a_at
ZNF101,1552633_at
ZNF101,1552634_a_at
PTPN11,1552637_at
KLHDC7B,1552639_at
ZNF626,1552643_at
PHC3,1552644_a_at
IL11RA,1552646_at
TNFRSF10A,1552648_a_at
HPS4,1552652_at
UHMK1,1552656_s_at
TXNDC2,1552657_a_at
NAV3,1552658_a_at
C5orf22,1552660_a_at
PCDHGB7,1552661_at
PCDHGB7,1552662_a_at
ERC1,1552663_a_at
FLCN,1552664_at
JMJD1C-AS1,1552665_at
LRRC7,1552666_a_at
SH2D3C,1552667_a_at
PPP1R3B,1552669_at
PPP1R3B,1552670_a_at
SLC9A7,1552671_a_at
IGSF3,1552672_a_at
RFX6,1552673_at
DIRC1,1552674_at
DNAJB7,1552675_at
UCN3,1552676_at
DIP2A,1552677_a_at
USP28,1552678_a_at
KNL1,1552680_a_at
KNL1,1552682_a_at
SENP8,1552684_a_at
GRHL1,1552685_a_at
CNBD2,1552686_at
CNBD2,1552687_a_at
CASKIN1,1552689_at
CACNA2D4,1552690_a_at
ARL11,1552691_at
ARL11,1552693_at
SLC2A13,1552694_at
SLC2A13,1552695_a_at
NIPA1,1552696_at
TUBA3FP,1552698_at
CARD16,1552701_a_at
DUSP19,1552705_at
DUSP19,1552708_a_at
CYB5D1,1552711_a_at
NMNAT2,1552712_a_at
SLC4A1,1552713_a_at
CREG2,1552714_at
RXFP1,1552715_a_at
SPEF2,1552716_at
DTD1,1552718_at
CASC4,1552719_at
FGF1,1552721_a_at
ARPP21,1552722_at
RHOXF1,1552724_at
ADAMTS17,1552725_s_at
ADAMTS17,1552726_at
ADAMTS17,1552727_s_at
DHH,1552730_at
ABRA,1552731_at
ABRA,1552732_at
KLHDC1,1552733_at
RICTOR,1552734_at
PCDHGA4,1552735_at
NETO1,1552736_a_at
WWP2,1552737_s_at
ST7L,1552738_a_at
ST7L,1552739_s_at
C2orf15,1552740_at
KCNH8,1552742_at
MCF2L,1552743_at
SLCO6A1,1552745_at
PP2D1,1552747_a_at
KLC3,1552749_a_at
CIB3,1552750_at
CIB3,1552751_a_at
CADM2,1552752_a_at
CADM2,1552754_a_at
C9orf66,1552755_at
C9orf66,1552757_s_at
HDAC9,1552758_at
HDAC9,1552760_at
SLC16A11,1552761_at
TMEM67,1552763_at
TMEM67,1552765_x_at
HS6ST2,1552766_at
HS6ST2,1552767_a_at
CAMKK1,1552768_at
ZNF625,1552769_at
ZNF563,1552770_s_at
LIN9,1552771_a_at
CLEC4D,1552772_at
CLEC4D,1552773_at
SLC25A27,1552774_a_at
GPRC6A,1552775_at
RAET1E,1552777_a_at
SLC44A5,1552779_a_at
SLC44A5,1552782_at
ZNF417,1552783_at
ZNF781,1552785_at
HELB,1552787_at
HELB,1552788_a_at
SEC62,1552789_at
SEC62,1552790_a_at
TRDN,1552791_a_at
SOCS4,1552792_at
C8orf31,1552793_at
ZNF547,1552794_a_at
SIM1,1552796_a_at
PROM2,1552797_s_at
TLR4,1552798_a_at
TSNARE1,1552799_at
ABHD11,1552800_at
CAPN13,1552801_at
STMN1,1552803_a_at
TIRAP,1552804_a_at
SIGLEC10,1552806_a_at
SIGLEC10,1552807_a_at
ADAMTSL1,1552808_at
RFX4,1552809_at
WFIKKN1,1552811_at
SENP1,1552812_a_at
KLF14,1552813_at
KLF14,1552814_a_at
NXNL2,1552816_at
BRS3,1552818_a_at
LINC00205,1552819_at
TMX3,1552822_at
ZNF396,1552825_at
SLC26A7,1552826_at
SLC26A7,1552827_s_at
SNX18,1552828_at
FBXO39,1552830_at
B3GNT6,1552833_at
B3GNT6,1552834_at
DENND1B,1552835_at
ZNF619,1552836_at
ICK,1552837_at
FAM71D,1552839_at
BCL2L14,1552841_s_at
HS6ST3,1552842_at
SLC26A1,1552843_at
CLDN15,1552845_at
RAB42,1552846_s_at
PTCHD1,1552848_a_at
M1AP,1552849_at
ZSCAN4,1552851_at
ZSCAN4,1552852_a_at
VWA5B1,1552853_at
VWA5B1,1552854_a_at
LINC00311,1552856_at
HTR6,1552857_a_at
MAGEB6,1552858_at
RUSC1-AS1,1552862_at
CACNG6,1552863_a_at
LMNTD1,1552865_a_at
CIRBP-AS1,1552868_at
AXDND1,1552870_s_at
ASMTL-AS1,1552872_at
ASMTL-AS1,1552873_s_at
CD200R1,1552875_a_at
LINC00334,1552876_at
LINC00334,1552877_s_at
ATOH7,1552878_at
ATOH7,1552879_a_at
SEC16B,1552880_at
AMER1,1552882_a_at
NKX6-3,1552884_at
NKX6-3,1552885_a_at
TBATA,1552887_at
EXOC3L2,1552889_a_at
CABP4,1552890_a_at
TNFRSF13C,1552892_at
CAMK2N2,1552893_at
ANKRD30BP2,1552895_a_at
KCNG3,1552897_a_at
KCNG3,1552898_a_at
LINC01312,1552899_at
LINC01312,1552900_a_at
FOXP2,1552902_a_at
B4GALNT2,1552903_at
NETO1,1552904_at
FMR1NB,1552906_at
GCSAML,1552908_at
SIGLEC11,1552910_at
SIGLEC11,1552911_at
IL23R,1552912_a_at
MAGEB18,1552913_at
CD276,1552914_a_at
IFNL2,1552915_at
IFNL1,1552917_at
C4orf36,1552919_at
FIGNL1,1552921_a_at
RIMS1,1552922_at
PITPNM2,1552923_a_at
PITPNM2,1552924_a_at
PCDH10,1552925_at
TAB3,1552927_at
TAB3,1552928_s_at
GRK7,1552929_at
MMEL1,1552930_at
PDE8A,1552931_a_at
NLRP6,1552932_at
AKNAD1,1552933_at
ZCCHC5,1552935_at
ZIC5,1552938_at
ANGPT1,1552939_at
TEDDM1,1552940_at
LOC149373,1552942_at
GABRG1,1552943_at
PANX2,1552944_a_at
ZNF114,1552946_at
ZNF114,1552947_x_at
CCDC27,1552948_at
CFAP161,1552950_at
NEUROD2,1552953_a_at
C5orf17,1552954_at
LINC00208,1552955_at
DNAH6,1552957_at
LRRC15,1552960_at
CFAP46,1552964_at
B3GNT7,1552965_a_at
ZNF645,1552967_at
ZMYM6,1552969_a_at
ZMYM6,1552970_s_at
SGCZ,1552971_at
LOC100507431,1552972_at
WNT9B,1552973_at
DNAJB13,1552976_at
CNPY3,1552977_a_at
SCAMP1,1552978_a_at
LINC00471,1552979_at
HAS3,1552980_at
FGF4,1552982_a_at
SLC30A8,1552985_at
LOC142937,1552986_at
LOC439933,1552987_a_at
C11orf65,1552988_at
FAM71E2,1552990_at
OR5P2,1552991_at
DYDC1,1552993_at
IL27,1552995_at
IQCF1,1552997_a_at
DEFB125,1552998_at
WFDC10B,1552999_a_at
PKHD1,1553003_at
PKD1L1,1553004_at
ADGRG4,1553006_at
TENM1,1553007_a_at
REXO1L1P,1553009_s_at
TAF1L,1553011_at
CNTNAP5,1553013_at
RECQL4,1553015_a_at
ADGRF3,1553016_at
TMC2,1553019_at
SMCR5,1553020_at
BICD2,1553021_s_at
ZIM3,1553022_at
NOX5,1553023_a_at
DAOA-AS1,1553024_at
ADGRG6,1553025_at
KLHL4,1553027_a_at
GPR156,1553028_at
SUOX,1553030_a_at
ADGRF4,1553031_at
IL31RA,1553032_at
SYTL5,1553033_at
SDCCAG8,1553034_at
ADGRF2,1553036_at
SYN2,1553037_a_at
ASB10,1553039_a_at
HTR3C,1553041_at
NFKBID,1553042_a_at
CD300LF,1553043_a_at
GJA10,1553044_at
WNT9A,1553045_at
GAL3ST2,1553046_s_at
PIP4K2B,1553047_at
PIP4K2B,1553048_a_at
ODF3,1553051_s_at
WFDC13,1553052_at
LINC00521,1553053_at
SLFN5,1553055_a_at
SERPINB12,1553057_at
GIPC3,1553058_at
PGLYRP3,1553059_at
PSKH2,1553060_at
OR6W1P,1553061_at
MOGAT1,1553062_at
GPR78,1553063_at
H1FOO,1553064_at
TAAR9,1553066_at
GNRHR2,1553067_a_at
MYOZ3,1553070_a_at
MYOZ3,1553071_a_at
BNIPL,1553072_at
ASB11,1553074_at
OFCC1,1553075_a_at
OFCC1,1553076_at
SDR9C7,1553077_at
OR5P3,1553078_at
TRIM40,1553079_at
CSN1S2AP,1553080_at
WFDC12,1553081_at
CRYGN,1553082_at
STARD6,1553084_at
C11orf40,1553086_at
C18orf12,1553087_at
BCL2L11,1553088_a_at
WFDC2,1553089_a_at
DEFB119,1553093_a_at
BCL2L11,1553096_s_at
TIGD1,1553099_at
ALKBH5,1553101_a_at
CCDC69,1553102_a_at
NFX1,1553103_at
DSG2,1553105_s_at
C5orf24,1553106_at
C5orf24,1553107_s_at
C5orf24,1553108_at
KBTBD6,1553111_a_at
CDK8,1553112_s_at
CDK8,1553113_s_at
PTK6,1553114_a_at
NKD1,1553115_at
STK38,1553117_a_at
THEM4,1553118_at
CLSPN,1553120_at
RBAK,1553122_s_at
WDR62,1553123_at
WDR62,1553125_x_at
SLC39A12,1553126_a_at
RNF168,1553127_a_at
SVEP1,1553129_at
LOC652276,1553130_at
GATA4,1553131_a_at
TC2N,1553132_a_at
C9orf72,1553133_at
C9orf72,1553134_s_at
KCTD18,1553136_at
KLF11,1553137_s_at
ANKLE1,1553138_a_at
PLXNA3,1553139_s_at
PELO,1553140_at
LACC1,1553141_at
LACC1,1553142_at
TAPT1-AS1,1553145_at
C3orf30,1553146_at
RANBP3L,1553147_at
SNX13,1553148_a_at
KDM1B,1553150_at
ATP6V0D2,1553151_at
ATP6V0D2,1553153_at
ATP6V0D2,1553155_x_at
LHX4,1553156_at
LHX4,1553157_at
CEP19,1553158_at
DNAH11,1553159_at
PROSER3,1553162_x_at
ADPRHL1,1553163_at
SYNRG,1553165_at
CDH24,1553166_at
SEPSECS,1553167_a_at
GRIK5,1553168_at
LRRN4,1553169_at
LRRN4,1553171_x_at
ZNF777,1553172_at
JPH2,1553174_at
PDE5A,1553175_s_at
SH2D1B,1553176_at
SH2D1B,1553177_at
SSTR3,1553178_a_at
ADAMTS19,1553179_at
ADAMTS19,1553180_at
DDX31,1553181_at
UMODL1,1553183_at
RASEF,1553185_at
RASEF,1553186_x_at
PARD3B,1553188_s_at
PARD3B,1553190_s_at
DST,1553191_at
ZNF441,1553192_at
ZNF441,1553193_at
NEGR1,1553194_at
FCRL3,1553196_a_at
DCAF4L2,1553197_at
DCAF4L2,1553199_at
STOX1,1553202_at
C20orf166-AS1,1553204_at
C20orf166-AS1,1553205_at
ARL10,1553207_at
ARL10,1553208_s_at
RNFT2,1553209_at
ANKFN1,1553211_at
KRT78,1553212_at
KRT78,1553213_a_at
CCDC7,1553214_a_at
CCDC7,1553215_s_at
ZNF41,1553216_at
ZNF41,1553217_s_at
ZNF512,1553218_a_at
AMMECR1,1553219_a_at
FAM117B,1553220_at
ZNF583,1553221_at
OXER1,1553222_at
LUZP1,1553224_at
ZNF75D,1553225_s_at
LINC00052,1553226_at
BRWD1,1553227_s_at
CCDC89,1553228_at
ZNF572,1553229_at
RMDN2,1553232_at
ADAMTS18,1553234_at
PCDHAC1,1553235_at
PCDHAC1,1553237_x_at
HIPK4,1553238_a_at
FAM124A,1553239_at
NKAIN3,1553241_at
ITIH5,1553243_at
FANCB,1553244_at
POMK,1553246_a_at
ZNF709,1553247_a_at
CCDC57,1553248_at
SMC1B,1553249_at
BRWD3,1553252_a_at
ASB16,1553253_at
MAGEE2,1553254_at
ERVV-1,1553255_at
GAL3ST3,1553257_at
FLJ30679,1553258_at
ALS2CR11,1553260_s_at
ALS2CR11,1553261_x_at
UTS2R,1553262_a_at
USH1G,1553263_at
SYN1,1553264_a_at
SLC23A3,1553265_at
CNOT6L,1553266_at
CNOT6L,1553267_a_at
RHBDL3,1553268_at
ZNF718,1553269_at
DIP2B,1553271_at
SLC36A1,1553272_at
SNRNP48,1553274_a_at
ZNF560,1553276_at
RTTN,1553277_at
BTNL9,1553279_at
PUS10,1553280_at
PLCXD2,1553281_at
UMODL1-AS1,1553282_at
LMLN,1553284_s_at
RAD9B,1553285_s_at
ZNF555,1553286_at
NYAP1,1553288_a_at
SGK494,1553292_s_at
MRGPRX3,1553293_at
ABCA13,1553295_at
ADGRG7,1553296_at
CSF3R,1553297_a_at
C17orf77,1553298_at
DUSP5P1,1553299_at
DGKH,1553300_a_at
TMEM182,1553301_a_at
C16orf46,1553303_at
LSM14B,1553304_at
CASP8,1553306_at
PLB1,1553310_at
C20orf197,1553311_at
SLC5A3,1553313_s_at
KIF19,1553314_a_at
SLFNL1,1553315_at
GPR82,1553316_at
GPR82,1553317_s_at
RIBC1,1553318_at
OXGR1,1553319_at
CDC14C,1553320_s_at
SULT1C4,1553321_a_at
TEAD1,1553322_s_at
POU5F2,1553325_at
RXFP2,1553326_at
BEND7,1553327_a_at
SLC18A2,1553328_a_at
SSMEM1,1553329_at
SSMEM1,1553330_at
MAB21L3,1553333_at
LOC285696,1553335_x_at
MIER3,1553336_a_at
SDE2,1553338_at
UROC1,1553341_at
PCDH15,1553344_at
TNRC6A,1553346_a_at
KCNA6,1553347_s_at
NFX1,1553348_a_at
ARID2,1553349_at
AMER3,1553350_at
OTUD7A,1553351_at
ERVW-1,1553352_x_at
LINC00889,1553357_at
FBXL18,1553359_at
FBXL18,1553361_x_at
DNAH6,1553362_at
LINC01600,1553363_at
PNPLA1,1553364_at
DEPDC4,1553365_at
COX6B2,1553367_a_at
FAM129C,1553369_at
EPHA10,1553371_at
WDR64,1553373_at
PRO2949,1553374_at
BTBD9,1553375_at
AXDND1,1553376_a_at
HEATR9,1553378_a_at
PARP15,1553380_at
ARHGAP42,1553383_at
LINC01101,1553385_at
MFSD2A,1553386_at
ATM,1553387_at
FAM26D,1553388_at
NPHP3,1553389_at
ATG9B,1553390_at
CXorf58,1553391_at
TFAP2B,1553394_a_at
CD200R1,1553395_a_at
CCDC13,1553396_a_at
CCDC13,1553397_at
MRGPRX1,1553401_at
HFE,1553402_a_at
RLN3,1553403_at
CSMD1,1553405_a_at
MACF1,1553407_at
ADAMTS20,1553409_at
ABCC12,1553410_a_at
SALL3,1553411_s_at
AGBL4,1553412_at
LCAL1,1553413_at
SLC17A8,1553415_at
C11orf44,1553417_at
CNTNAP5,1553418_a_at
SATB2-AS1,1553420_at
RBFOX1,1553422_s_at
SLFN13,1553423_a_at
C12orf40,1553424_at
CFAP57,1553425_at
C5orf64,1553426_at
ADAMTS15,1553427_at
LY86-AS1,1553428_at
FLJ31713,1553429_at
EDARADD,1553430_a_at
CCDC171,1553433_at
CYP4Z2P,1553434_at
C18orf15,1553435_at
MUC19,1553436_at
KLHDC7A,1553437_at
C11orf72,1553438_at
AQP4-AS1,1553440_at
CNTNAP4,1553441_at
CNTNAP4,1553442_a_at
FER1L6-AS1,1553443_at
C1orf127,1553444_a_at
LOC100996634,1553446_at
AGBL1,1553447_at
FLJ34503,1553448_at
LINC00304,1553449_at
LINC00304,1553450_s_at
TERB1,1553451_at
MYO1H,1553452_at
ASB14,1553453_at
RPTN,1553454_at
LINC00269,1553457_at
VSTM4,1553458_at
CCDC150,1553459_at
C2orf61,1553460_at
FAM9B,1553461_at
FLJ40288,1553464_at
CES5A,1553465_a_at
CFAP47,1553466_at
HYDIN2,1553468_at
DNAH17,1553470_at
SLC35G3,1553471_at
LOC150596,1553472_at
LOC100288966,1553474_at
KIRREL3-AS3,1553478_at
TMEM145,1553479_at
C15orf32,1553482_at
TSGA10IP,1553483_at
LINC00477,1553484_at
CCDC140,1553485_at
C17orf78,1553486_a_at
TEKT5,1553488_at
TEKT5,1553489_a_at
KSR2,1553491_at
PAX1,1553492_a_at
TDH,1553493_a_at
TDH,1553494_at
LINC00615,1553497_at
SERPINA9,1553499_s_at
FBXL21,1553500_at
MRGPRX4,1553504_at
A2ML1,1553505_at
CPO,1553506_at
GPR6,1553507_a_at
MDS2,1553508_at
CNOT9,1553510_s_at
GJD3,1553511_at
HOXC12,1553512_at
VNN3,1553513_at
VNN3,1553514_a_at
COPS9,1553515_at
FERD3L,1553517_at
LINC00314,1553519_at
NLRP14,1553523_at
DGKB,1553524_at
NLRP13,1553525_at
NLRP8,1553526_at
NLRP9,1553527_at
TAF5,1553528_a_at
TAS1R2,1553529_at
ITGB1,1553530_a_at
PCSK6,1553531_at
ZNF341,1553532_a_at
JPH1,1553533_at
NLRP10,1553534_at
RANGAP1,1553535_a_at
MBNL2,1553536_at
KRT73,1553537_at
COX1,1553538_s_at
KRT74,1553539_at
SLC29A2,1553540_a_at
LMX1A,1553541_at
CCDC125,1553542_at
GPR101,1553544_at
ILDR1,1553545_at
VN1R2,1553549_at
VN1R5,1553550_at
ND2,1553551_s_at
TAAR8,1553552_at
TAS2R39,1553553_at
TAS2R38,1553555_at
TAS2R40,1553556_at
TAS2R41,1553558_at
TMEM171,1553559_at
VN1R4,1553560_at
TAS2R50,1553561_at
MACROD2,1553564_at
DDAH1,1553565_s_at
PIANP,1553566_at
ATP6,1553567_s_at
HIST1H1T,1553568_a_at
COX2,1553569_at
COX2,1553570_x_at
CYGB,1553572_a_at
EFNA2,1553573_s_at
IFNE,1553574_at
ND6,1553575_at
SREK1IP1,1553581_s_at
THRSP,1553583_a_at
CXorf36,1553584_at
FBXL19-AS1,1553586_at
POLE4,1553587_a_at
PDZK1IP1,1553589_a_at
BCRP3,1553591_at
BCRP3,1553592_x_at
TAL2,1553593_a_at
INSL3,1553594_a_at
SYCP3,1553599_a_at
TMIE,1553600_at
TMIE,1553601_a_at
MUCL1,1553602_at
ATL2,1553603_s_at
ABCA13,1553604_at
ABCA13,1553605_a_at
LINC00189,1553608_a_at
KLHL35,1553611_s_at
ZNF354B,1553612_at
FOXC1,1553613_s_at
LINC01198,1553614_a_at
TRIM42,1553620_at
FSIP1,1553622_a_at
LOC84843,1553623_at
FAM98B,1553625_at
EFCAB13,1553626_a_at
EFCAB13,1553627_s_at
FAM71B,1553629_a_at
C10orf107,1553630_at
WEE2-AS1,1553634_a_at
TCTEX1D1,1553635_s_at
TMCO5A,1553636_at
TMCO5A,1553637_s_at
PPARGC1B,1553639_a_at
XKR6,1553640_at
TSGA13,1553641_a_at
C9orf163,1553642_at
SYNE3,1553644_at
CCDC141,1553645_at
HDX,1553646_at
CDYL2,1553647_at
C18orf54,1553651_at
C18orf54,1553652_a_at
SYT14,1553654_at
